Graphemes,a
Graphemes,s
Graphemes,b
Graphemes,f
Graphemes,h
Graphemes,i
Graphemes,j
Graphemes,c
Graphemes,m
Graphemes,p
Graphemes,t
Graphemes,g
Graphemes,o
Graphemes,r
Graphemes,l
Graphemes,n
Graphemes,u
Graphemes,k
Graphemes,e
Graphemes,d
Graphemes,w
Graphemes,y
Graphemes,v
Graphemes,z
Graphemes,x
Graphemes,ch
Graphemes,sh
Graphemes,wh
Graphemes,th (thin)
Graphemes,th (that)
Graphemes,r-blends
Graphemes,l-blends
Graphemes,s-blends
Graphemes,w-blends
Graphemes,triple blends
Graphemes,t-blends (end)
Graphemes,l-blends (end)
Graphemes,m/n blends (end)
Graphemes,p-blends (end)
Graphemes,s-blends (end)
Graphemes,blends and digraphs
Graphemes,beg. and end blends
Graphemes,qu
Graphemes,am
Graphemes,an
Graphemes,all
Graphemes,al+C
Graphemes,wa-
Graphemes,ang
Graphemes,ing
Graphemes,ong
Graphemes,ung
Graphemes,ank
Graphemes,ink
Graphemes,onk
Graphemes,unk
Graphemes,-ff
Graphemes,-ll
Graphemes,-ss
Graphemes,-zz
Graphemes,a-e
Graphemes,o-e
Graphemes,u-e /yu/
Graphemes,u-e /oo/
Graphemes,i-e
Graphemes,e-e
Graphemes,y-e
Graphemes,-ild
Graphemes,-ind
Graphemes,-old
Graphemes,-ost
Graphemes,-oll
Graphemes,-olt
Graphemes,-ck
Graphemes,tch
Graphemes,ai
Graphemes,ay
Graphemes,ee
Graphemes,igh
Graphemes,oa
Graphemes,ue (glue)
Graphemes,ue (cue)
Graphemes,ew (few)
Graphemes,s (rose)
Graphemes,y (dry)
Graphemes,y (funny)
Graphemes,ea (eat)
Graphemes,ea (head)
Graphemes,ow (snow)
Graphemes,ow (plow)
Graphemes,ar
Graphemes,or
Graphemes,er
Graphemes,ir
Graphemes,ur
Graphemes,-er
Graphemes,"c /s/ (ce, ci, cy)"
Graphemes,a- /ə/
Graphemes,-a /ə/
Graphemes,a- & -a /ə/
Graphemes,-on /ə/
Graphemes,"g /j/ (ge, gi, gy)"
Graphemes,dge
Graphemes,oi
Graphemes,oy
Graphemes,ie (tie)
Graphemes,ie (cookie)
Graphemes,ou (cloud)
Graphemes,ow (plow)
Graphemes,ou vs. ow
Graphemes,oo (food)
Graphemes,oo (good)
Graphemes,au (haul)
Graphemes,aw (saw)
Graphemes,e+igh (eight)
Graphemes,a+igh (straight)
Graphemes,ei (rein)
Graphemes,Vr+r (berry)
Graphemes,W+Vr (worship)
Graphemes,"Vr + e (stare, revere)"
Graphemes,ar+V (arid)
Graphemes,ear (heard)
Graphemes,ei (seize)
Graphemes,augh (taught)
Graphemes,ough (dough)
Graphemes,gh
Graphemes,mb
Graphemes,kn
Graphemes,mn
Graphemes,rh
Graphemes,wr
Graphemes,ch (school)
Graphemes,ey (key)
Graphemes,or (doctor)
Graphemes,oe (toe)
Graphemes,ou (cousin)
Graphemes,ore
Graphemes,ph
Graphemes,ea (great)
Graphemes,oar (board)
Graphemes,ar (dollar)
Graphemes,qu+ar (quart)
Graphemes,o (to)
Graphemes,gu (guard)
Graphemes,ew (new)
Graphemes,u (push)
Graphemes,ui (suit)
Graphemes,w+ar (war)
Graphemes,oo (flood)
Graphemes,y (gym)
Graphemes,ey (hey)
Graphemes,su (sure)
Graphemes,u (ruth)
Graphemes,sc
Graphemes,x /gz/
Graphemes,ou (soup)
Graphemes,gn (gnat)
Graphemes,
Syllable Types,closed syllable
Syllable Types,silent-e syllable
Syllable Types,Open Syllable
Syllable Types,vowel-team syllable
Syllable Types,r-controlled syllable
Syllable Types,all other /ə/
Syllable Types,-tion
Syllable Types,-sion
Syllable Types,-ture
Syllable Types,-sure
Syllable Types,-tion /chun/
Syllable Types,-sion (zhun)
Syllable Division,Compound Words
Syllable Division,VC.CV (Rabbit Division)
Syllable Division,VCCCV (Monster Division)
Syllable Division,V.CV (Tiger Division)
Syllable Division,VC.V (Camel Division)
Syllable Division,C+le (Turtle Division)
Syllable Division,st + le (whistle)
Syllable Division,V.V (Lion Division)
Syllable Division,V.CCV (Egret Division)
Morphemes,-s
Morphemes,-es
Morphemes,-ed /t/
Morphemes,-ed /id/
Morphemes,-ed /d/
Morphemes,-ing
Morphemes,-est
Morphemes,-en
Morphemes,-ly
Morphemes,-y
Morphemes,-ful
Morphemes,-ness
Morphemes,-less
Morphemes,-ship
Morphemes,"connectives (ti, si, ci, xi /sh/)"
Morphemes,connectives (du)
Morphemes,connectives (tu /sh/)
Morphemes,connectives (tu /ch/)
Spelling Conventions,k vs ck
Spelling Conventions,ai vs. ay
Spelling Conventions,ch vs. tch
Spelling Conventions,Suffixing Convention: Doubling
Spelling Conventions,Suffixing Convention: Drop e
Spelling Conventions,"scribal ""o"""
Spelling Conventions,oi vs. oy
Spelling Conventions,Suffixing Convention: y to i
Spelling Conventions,y to i + es (ponies)
Spelling Conventions,-o+s
Spelling Conventions,-o+es
Spelling Conventions,f to v + es
Spelling Conventions,same singular/plural forms
Spelling Conventions,homophones
Spelling Conventions,-ve
Spelling Conventions,"-se, -ze"